,Married,Dependents,Education,Self_Employed,Loan_Amount_Term,Credit_History,Property_Area,LoanAmount_log,Total_Income_log,Loan_Status
0,0,0,1,0,360.0,1,0,4.989759295531617,8.674025985443025,1
1,1,1,1,0,360.0,1,1,4.852030263919617,8.714567550836485,0
2,1,0,1,1,360.0,1,0,4.189654742026425,8.006367567650246,1
3,1,0,0,0,360.0,1,0,4.787491742782046,8.50532301884575,1
4,0,0,1,0,360.0,1,0,4.948759890378168,8.699514748210191,1
5,1,2,1,1,360.0,1,0,5.58724865840025,9.170871628065816,1
6,1,0,0,0,360.0,1,0,4.553876891600541,8.255568653283746,1
7,1,3,1,0,360.0,0,2,5.062595033026967,8.61974977974133,0
8,1,2,1,0,360.0,1,0,5.123963979403259,8.61830469278465,1
9,1,1,1,0,360.0,1,2,5.855071922202427,10.077818939438902,0
10,1,2,1,0,360.0,1,0,4.248495242049359,8.268731832117737,1
11,1,2,1,0,360.0,1,0,4.6913478822291435,8.375629627094451,1
12,1,2,1,0,360.0,1,0,5.298317366548036,9.321792297270326,1
13,0,0,1,0,360.0,1,1,4.736198448394496,8.453827315794417,0
14,1,2,1,0,120.0,1,0,2.833213344056216,7.776954403322442,1
15,0,0,1,0,360.0,1,0,4.8283137373023015,8.507142855562735,1
16,0,1,0,0,240.0,1,0,4.605170185988092,8.18757739559151,1
17,0,0,1,0,360.0,0,0,4.330733340286331,8.163371316459912,0
18,1,0,0,0,360.0,1,1,4.890349128221754,8.494333897270154,0
19,1,0,1,0,334.9670029970029,1,0,4.74493212836325,8.716044050161402,1
20,1,0,0,0,360.0,0,0,4.6443908991413725,8.943767262734637,0
21,1,1,1,0,360.0,1,0,5.752572638825633,9.357034751126987,1
22,1,0,0,0,360.0,0,2,4.7535901911063645,8.414274137408396,0
23,1,2,0,0,360.0,0,1,4.718498871295094,8.572060092857077,0
24,1,1,1,0,360.0,1,2,5.017279836814924,8.801168401936692,0
25,1,0,1,1,360.0,1,2,5.25227342804663,9.165343006045447,1
26,1,0,1,0,360.0,1,2,4.804021044733257,8.527539483470381,1
27,1,2,0,0,360.0,1,0,4.700480365792417,8.569026340056254,1
28,0,0,0,0,360.0,1,0,3.5553480614894135,7.273786317844895,0
29,0,2,1,0,360.0,1,2,4.787491742782046,8.671286726753637,1
30,1,1,1,0,360.0,1,0,5.303304908059076,8.927314111060596,0
31,0,0,1,0,360.0,1,0,4.30406509320417,8.06054004653864,0
32,0,1,1,1,360.0,1,1,4.663439094112067,8.453614209773367,0
33,1,0,1,0,360.0,1,2,4.736198448394496,8.550047528287184,1
34,0,3,1,0,360.0,1,1,5.768320995793772,9.648595302907339,0
35,1,0,1,0,360.0,1,0,4.989759295531617,8.376090350438238,1
36,1,0,1,0,362.5983974041842,0,0,4.605170185988092,8.057694194815587,0
37,1,0,1,0,360.0,1,2,4.969813299576001,8.542080906924017,1
38,0,0,1,0,360.0,1,0,5.214935757608986,9.339261152043022,1
39,0,0,0,0,360.0,1,2,4.700480365792417,8.59711281459211,1
40,0,0,1,0,360.0,1,0,4.382026634673881,8.1886891244442,0
41,0,0,1,0,360.0,1,0,3.8501476017100584,8.0106915391303,1
42,1,0,1,0,360.0,1,0,4.31748811353631,7.783224016336037,1
43,1,0,1,0,360.0,1,2,4.897839799950911,8.744647438317532,1
44,1,0,0,1,377.68773892773885,1,0,4.564348191467836,8.454253391642363,1
45,0,0,1,0,360.0,1,0,4.477336814478207,8.134467570277563,1
46,1,1,1,0,360.0,1,0,3.784189633918261,8.639233817325263,1
47,1,0,1,0,360.0,1,0,4.969813299576001,8.669227347271736,1
48,1,0,1,0,360.0,0,0,4.787491742782046,8.713582005421628,0
49,0,0,1,0,360.0,1,2,4.969813299576001,8.744328763999984,1
50,1,0,0,0,360.0,1,2,4.605170185988092,8.18088094199639,1
51,0,0,1,0,360.0,1,2,4.787491742782046,8.034631032923107,1
52,0,0,1,0,360.0,1,2,4.718498871295094,8.349957272040324,0
53,1,2,1,0,360.0,1,0,4.897839799950911,8.437283808187935,0
54,1,1,1,1,360.0,0,0,5.655991810819852,9.350102314351341,0
55,1,2,1,0,360.0,1,2,4.574710978503383,8.262300941787448,1
56,1,0,1,0,360.0,1,2,4.564348191467836,8.222285073872717,1
57,1,0,1,0,360.0,1,1,4.90527477843843,8.624431942085836,0
58,1,1,1,0,360.0,1,0,5.19295685089021,9.242807562113684,1
59,1,2,0,0,360.0,1,0,4.969813299576001,8.734881892047483,1
60,1,0,1,0,360.0,1,0,4.787491742782046,8.74766979009724,1
61,1,3,1,0,360.0,1,0,4.59511985013459,8.015987811027237,1
62,1,0,0,1,180.0,0,1,5.10594547390058,8.709134991587183,0
63,1,1,1,0,360.0,0,1,4.989759295531617,8.506132244056813,0
64,0,0,1,0,360.0,0,2,4.7535901911063645,8.334711621820917,0
65,1,0,1,0,360.0,1,2,5.552959584921617,9.241935933565934,0
66,0,0,0,0,180.0,0,0,4.836281906951478,8.604104563405533,0
67,1,1,1,0,360.0,1,0,5.7430031878094825,9.28266103355581,1
68,1,3,0,1,60.0,1,0,4.8283137373023015,8.867850063029406,1
69,0,0,1,0,360.0,0,2,4.912654885736052,8.366370301681654,0
70,1,0,1,0,360.0,1,0,5.147494476813453,8.744169388750624,1
71,1,2,0,1,360.0,1,2,4.574710978503383,8.229511118964457,1
72,0,0,1,0,300.0,1,2,4.394449154672439,8.160518247477505,1
73,1,3,0,0,354.1202114552115,0,2,4.553876891600541,8.46695197497949,0
74,1,3,1,1,360.0,1,2,5.231108616854587,8.859363449152088,1
75,0,0,1,0,480.0,1,0,4.727387818712341,8.229511118964457,0
76,0,0,1,0,360.0,1,0,5.170483995038151,9.047821442478408,0
77,1,1,1,1,360.0,1,0,4.700480365792417,8.299534570332597,0
78,1,3,1,0,300.0,0,2,5.19295685089021,8.877242435993919,0
79,1,3,0,1,360.0,1,2,4.867534450455582,8.612321536507814,1
80,0,0,1,0,360.0,1,2,4.709530201312334,8.254788926148725,1
81,1,1,1,1,360.0,1,2,4.989759295531617,7.781138509845015,1
82,1,2,1,0,360.0,1,0,5.117993812416755,8.089175678837561,0
83,1,0,1,0,360.0,1,2,5.579729825986222,9.017968479328726,0
84,1,1,1,0,240.0,1,0,3.912023005428146,8.291045131081729,1
85,0,0,1,0,360.0,1,2,4.912654885736052,8.496378051702317,1
86,1,2,0,0,360.0,1,2,4.59511985013459,8.581669210600602,1
87,1,0,1,0,360.0,1,2,4.6443908991413725,8.43771698991444,1
88,0,0,1,0,360.0,1,0,5.3471075307174685,9.055556158175316,1
89,1,0,1,0,360.0,1,2,5.1647859739235145,9.196444266784072,1
90,1,0,1,0,360.0,1,2,4.875197323201151,8.675563527387679,1
91,1,2,1,0,180.0,1,2,5.236441962829949,9.384629757072872,1
92,1,2,0,0,360.0,1,0,4.394449154672439,8.535622326884605,1
93,0,0,1,0,360.0,1,2,4.804021044733257,8.326758814511733,1
94,0,0,0,0,120.0,1,2,3.2188758248682006,8.194229304819817,1
95,0,0,1,0,360.0,1,0,4.989759295531617,8.822027322685583,0
96,1,0,1,0,360.0,1,2,4.919980925828125,8.47345026846832,1
97,1,0,1,0,360.0,1,2,3.912023005428146,7.9976631270201,1
98,1,0,0,0,180.0,1,2,4.74493212836325,8.339978571990427,1
99,1,0,1,0,360.0,1,2,4.875197323201151,8.575462099540212,1
100,1,2,0,0,180.0,1,0,4.890349128221754,8.929435283803425,1
101,0,0,1,0,360.0,1,2,5.017279836814924,9.065198986306513,1
102,1,0,1,0,360.0,1,0,4.989759295531617,9.521494800613105,1
103,1,0,1,0,360.0,1,2,4.989759295531617,9.016148642611741,1
104,1,0,1,0,360.0,1,0,5.075173815233827,8.42726848388825,1
105,1,1,1,0,360.0,1,0,4.605170185988092,8.31434234336979,1
106,1,2,1,0,360.0,1,0,5.41610040220442,9.436918020024674,1
107,0,0,0,0,360.0,1,1,4.787491742782046,8.9001399880938,0
108,1,2,1,0,360.0,0,0,5.375278407684165,8.909235279192261,0
109,1,3,0,0,480.0,1,2,4.543294782270004,7.946263643580541,1
110,0,0,1,0,360.0,1,0,4.912654885736052,8.578476419833136,1
111,1,0,1,0,360.0,1,2,4.9344739331306915,8.568266461600238,1
112,1,0,0,0,344.83642857142854,0,1,5.0238805208462765,8.94715577112479,0
113,0,1,1,1,360.0,1,2,4.989759295531617,8.916103530553727,1
114,0,0,1,0,360.0,1,2,4.770684624465665,8.527143522269405,1
115,1,1,1,0,180.0,1,1,5.220355825078324,9.587611745713565,1
116,1,0,1,0,360.0,1,2,5.0369526024136295,8.60337088765729,1
117,1,1,1,0,360.0,1,0,4.442651256490317,8.192016914536875,1
118,1,0,1,0,360.0,1,1,5.1647859739235145,8.950273466557375,0
119,0,0,1,0,360.0,1,0,5.556828061699537,9.250330020192342,1
120,1,0,1,0,360.0,1,1,5.19295685089021,9.0280988119824,1
121,0,0,1,0,360.0,1,2,3.784189633918261,8.334711621820917,1
122,0,0,1,0,360.0,0,2,4.919980925828125,9.316230747233615,1
123,1,2,1,0,360.0,1,2,4.394449154672439,7.9919305198524775,1
124,1,0,0,0,360.0,1,1,5.267858159063328,8.750524669117937,1
125,0,0,1,0,360.0,1,1,4.532599493153256,8.213923595622743,1
126,1,3,1,0,360.0,1,1,5.91350300563827,10.077566902136047,1
127,0,0,1,0,360.0,1,1,4.989759295531617,8.61341204915678,1
128,1,1,1,1,180.0,0,0,5.075173815233827,9.572410734431823,0
129,1,0,1,0,360.0,1,1,5.204006687076795,9.065198986306513,0
130,0,0,1,1,480.0,1,0,6.476972362889683,9.91175329695316,1
131,0,0,1,0,360.0,1,0,4.30406509320417,8.279697133877628,1
132,0,0,1,0,360.0,1,2,4.248495242049359,7.907651594711089,1
133,1,0,1,1,120.0,1,2,3.2188758248682006,8.148734808937169,1
134,0,0,1,0,360.0,1,2,4.624972813284271,8.49596955496461,1
135,1,3,1,0,360.0,1,2,5.66988092298052,9.371608519572305,0
136,1,0,1,0,360.0,1,1,4.430816798843313,8.430109084509125,0
137,1,2,1,1,360.0,1,0,4.477336814478207,8.827028068509152,1
138,0,0,1,0,360.0,0,2,5.488937726156687,9.61573881119536,0
139,1,2,0,0,360.0,1,1,4.859812404361672,8.635864721133736,0
140,1,2,1,0,360.0,1,1,5.220355825078324,8.871365005136852,0
141,0,0,1,0,360.0,1,0,5.123963979403259,8.597297435657898,1
142,0,0,1,1,180.0,1,2,5.1647859739235145,8.846496938558838,1
143,1,0,1,0,360.0,1,2,4.804021044733257,8.462103225098277,1
144,1,2,1,0,180.0,1,0,5.231108616854587,9.372204086867741,1
145,1,0,1,0,360.0,1,2,4.605170185988092,8.827028068509152,1
146,1,2,1,0,360.0,1,0,4.248495242049359,9.60683200528524,1
147,1,1,1,0,360.0,1,0,3.4011973816621555,7.993957547573565,1
148,0,0,1,0,360.0,1,1,5.41610040220442,9.364433907313582,0
149,1,0,1,0,360.0,1,2,4.8283137373023015,8.646465527120377,1
150,0,0,1,0,360.0,0,1,4.770684624465665,8.744647438317532,0
151,1,0,1,1,360.0,1,1,5.0238805208462765,8.752581469146884,1
152,0,0,1,0,360.0,1,0,5.497168225293202,9.123256265069069,0
153,1,2,0,0,360.0,1,1,4.727387818712341,7.732369222284388,0
154,0,0,1,0,360.0,1,0,3.912023005428146,8.087640287778983,1
155,1,3,1,0,180.0,0,2,6.396929655216146,10.596609732783568,1
156,1,1,1,0,360.0,1,1,5.075173815233827,8.699514748210191,1
157,1,1,1,0,360.0,1,0,5.231108616854587,9.16303909885817,1
158,0,0,1,0,360.0,1,1,4.787491742782046,8.529714471969909,1
159,1,0,1,0,360.0,1,2,5.541263545158426,9.23092700558457,1
160,1,0,0,0,360.0,1,2,4.584967478670572,7.973844375944687,1
161,1,0,1,0,360.0,1,0,5.616771097666572,8.978786553302003,0
162,1,1,1,0,360.0,0,2,4.795790545596741,8.382289428951436,0
163,1,2,1,0,360.0,1,1,5.062595033026967,8.633018756921828,1
164,1,0,1,0,180.0,1,0,4.31748811353631,9.140239744296693,1
165,1,0,1,0,299.12571428571425,1,1,5.204006687076795,8.835355971121606,1
166,1,0,1,0,360.0,1,1,4.718498871295094,8.430109084509125,0
167,1,0,1,0,360.0,1,1,4.859812404361672,8.660773919893762,1
168,0,0,1,0,480.0,0,2,4.143134726391533,7.71289096149013,0
169,1,2,1,0,360.0,1,2,5.298317366548036,8.987196820661973,1
170,1,0,0,0,360.0,1,1,4.553876891600541,8.185628891147607,1
171,1,3,1,0,300.0,1,0,6.551080335043404,10.854430887309706,1
172,1,3,0,0,180.0,1,1,4.394449154672439,8.166784289056151,0
173,1,0,1,0,360.0,1,2,5.231108616854587,9.335474102732949,1
174,1,0,0,1,360.0,1,2,4.465908118654584,8.533066540572527,0
175,1,0,1,0,360.0,1,1,4.7535901911063645,8.605387202152153,1
176,1,2,1,0,360.0,1,1,4.61512051684126,8.20631072579402,1
177,1,3,1,0,360.0,0,2,6.20455776256869,9.730086093116732,0
178,1,1,1,0,360.0,1,2,4.7535901911063645,8.229511118964457,1
179,0,0,0,0,480.0,0,0,4.624972813284271,8.238536930171769,0
180,1,1,1,0,360.0,0,0,5.19295685089021,9.521494800613105,0
181,0,0,1,0,360.0,1,1,4.204692619390966,8.850660919017152,0
182,1,0,1,0,180.0,1,2,4.290459441148391,8.433811582477187,1
183,1,1,1,0,360.0,1,2,5.560681631015528,10.429576102968031,0
184,1,0,1,0,360.0,1,2,4.68213122712422,8.195609567288775,1
185,1,0,1,1,360.0,1,2,4.787491742782046,10.689601259598334,1
186,1,1,1,1,300.0,0,1,4.189654742026425,7.686162303492906,0
187,1,0,1,0,360.0,1,1,4.060443010546419,8.416488487294606,1
188,1,0,1,1,360.0,1,1,5.123963979403259,8.694502206386648,1
189,1,0,1,0,180.0,1,1,5.236441962829949,9.140775908590273,1
190,0,0,0,0,360.0,1,1,3.871201010907891,8.493924564476883,1
191,0,0,1,0,360.0,1,2,5.099866427824199,9.392661928770137,0
192,1,0,0,0,360.0,1,0,5.075173815233827,8.704999678440762,0
193,0,0,1,0,360.0,1,2,4.330733340286331,8.257904193465674,1
194,0,0,1,0,360.0,1,1,4.787491742782046,8.340694647925071,1
195,1,1,1,0,360.0,1,2,5.135798437050262,8.649623978596727,0
196,0,0,1,0,360.0,1,1,5.231108616854587,9.399554785027307,1
197,0,0,0,0,342.6108470884681,1,0,4.787491742782046,8.35983738064003,1
198,1,0,1,0,360.0,1,2,4.727387818712341,8.737452587550584,1
199,0,0,1,1,360.0,1,0,4.418840607796598,9.305650551780507,0
200,1,1,0,0,360.0,1,2,4.499809670330265,8.536995818712418,1
201,0,2,1,0,360.0,0,2,5.111987788356544,8.5016733797582,1
202,1,3,0,0,180.0,1,0,4.978130760207227,8.292047637431354,0
203,1,1,0,0,360.0,1,0,4.90527477843843,8.430109084509125,1
204,1,2,0,0,360.0,1,2,4.820281565605037,8.27308133366583,1
205,0,0,0,0,360.0,1,2,4.787491742782046,8.391176350832751,1
206,0,0,1,0,360.0,1,0,4.382026634673881,8.084562415235304,1
207,0,0,0,0,360.0,1,1,4.007333185232471,8.780480107033297,1
208,0,0,1,0,360.0,1,0,4.07753744390572,7.8156105320351905,1
209,0,0,1,0,360.0,1,2,4.844187086458591,8.136810863675537,0
210,0,0,1,0,360.0,1,2,5.365976015021851,9.210340371976184,0
211,1,3,1,0,360.0,0,2,4.852030263919617,8.451053388911692,0
212,1,1,1,1,360.0,1,0,5.480638923341991,8.960210955576986,1
213,1,3,0,1,360.0,1,1,4.867534450455582,8.648747631156539,1
214,1,0,1,0,360.0,1,0,4.919980925828125,8.731336360533149,1
215,1,3,0,0,360.0,1,2,4.605170185988092,8.483222671845084,1
216,1,0,1,0,360.0,1,1,4.90527477843843,7.575584651557793,0
217,1,0,1,0,360.0,1,2,4.875197323201151,8.61286694148452,1
218,1,2,1,0,360.0,0,2,4.276666119016055,8.517193191416238,0
219,1,2,1,0,360.0,1,2,4.844187086458591,8.804775258867686,1
220,1,0,1,0,360.0,0,0,4.0943445622221,7.7057128238944275,0
221,1,2,1,0,360.0,1,2,4.7535901911063645,8.65277248565806,1
222,0,0,1,0,360.0,1,2,4.969813299576001,8.659039915644474,1
223,1,0,1,0,314.85238095238094,1,2,5.1647859739235145,9.058121158998672,1
224,1,0,1,0,360.0,1,2,4.852030263919617,8.740336742730447,1
225,1,0,1,0,360.0,1,1,5.135798437050262,8.086410275323782,0
226,1,0,0,1,360.0,1,0,4.927253685157205,8.462737005620179,0
227,1,2,1,0,360.0,1,2,5.3471075307174685,8.980298078970817,1
228,1,0,1,0,480.0,1,2,5.062595033026967,8.467582690862903,1
229,0,0,1,1,360.0,1,1,5.298317366548036,8.764053269347762,1
230,1,1,1,0,360.0,1,2,4.6443908991413725,8.421783006611578,1
231,1,0,1,0,180.0,1,1,3.7376696182833684,8.22040309993373,1
232,0,0,0,0,342.6108470884681,1,1,4.787491742782046,8.663369301573839,1
233,0,0,1,0,360.0,1,2,5.634789603169249,9.027978814382207,1
234,1,1,1,0,360.0,1,2,4.941642422609304,8.503905297089302,1
235,1,1,1,0,360.0,1,1,5.135798437050262,8.81877816903701,1
236,1,0,1,0,360.0,1,0,5.541263545158426,8.656259239539235,0
237,0,0,1,1,360.0,1,0,4.804021044733257,8.149890544402423,1
238,0,1,1,0,360.0,1,1,4.718498871295094,8.245909264774093,1
239,1,1,1,0,360.0,1,2,4.564348191467836,8.106212902619962,1
240,1,2,1,0,360.0,1,1,4.787491742782046,9.289059126687574,1
241,1,1,0,0,180.0,1,0,4.941642422609304,8.41027590907016,0
242,0,0,1,0,60.0,1,0,5.043425116919247,9.067162602299854,1
243,1,2,1,1,360.0,1,1,4.68213122712422,8.92930284224307,1
244,1,0,0,0,360.0,1,2,4.812184355372417,8.96482339168508,1
245,0,0,1,1,180.0,1,0,4.787491742782046,9.247925132303454,0
246,1,2,1,0,360.0,1,0,4.718498871295094,9.1801903950253,1
247,1,1,0,0,180.0,1,0,4.919980925828125,8.796036315200814,1
248,1,1,1,0,480.0,1,2,4.812184355372417,8.460622839927844,1
249,1,0,1,0,360.0,1,0,4.499809670330265,8.209852481301272,1
250,1,0,0,0,360.0,0,2,5.303304908059076,8.62299361030245,0
251,0,2,1,0,360.0,1,0,4.927253685157205,8.139440521874608,0
252,0,0,0,1,360.0,1,1,4.6443908991413725,8.465899897028686,1
253,1,1,0,0,180.0,1,2,5.631211781821365,9.186252576447092,1
254,0,0,1,1,360.0,0,0,5.2574953720277815,9.695848187757884,0
255,0,3,1,0,360.0,1,1,5.541263545158426,8.03365842788615,1
256,0,0,0,0,360.0,0,1,4.74493212836325,8.706986763048892,0
257,1,3,1,0,360.0,1,0,4.543294782270004,8.565983355585669,0
258,1,0,1,0,360.0,1,1,5.717027701406222,9.72812174830818,0
259,1,3,0,0,360.0,1,2,4.852030263919617,8.503297086224126,0
260,1,1,1,0,360.0,1,0,5.799092654460526,9.243097936214355,1
261,0,0,1,0,360.0,1,2,4.897839799950911,8.359134886757962,1
262,0,1,1,0,36.0,1,2,5.043425116919247,8.15507488781144,0
263,0,0,1,0,360.0,1,1,4.787491742782046,8.881836305004146,1
264,0,0,1,1,360.0,1,2,4.852030263919617,8.549853973655786,1
265,0,0,1,0,360.0,1,1,5.017279836814924,8.928242677818302,1
266,1,2,1,0,360.0,1,2,5.0106352940962555,8.715224041915372,1
267,1,3,1,0,360.0,0,0,5.075173815233827,8.723231274827508,1
268,0,0,1,0,360.0,1,1,4.90527477843843,8.136810863675537,0
269,0,1,1,0,360.0,1,0,4.499809670330265,8.397508348470257,1
270,0,0,1,0,360.0,1,0,3.4011973816621555,8.082402253926244,1
271,1,0,1,0,360.0,1,0,4.912654885736052,9.318835968129482,1
272,0,0,1,0,360.0,1,1,4.836281906951478,8.453187861440325,1
273,1,0,1,0,360.0,1,2,5.0106352940962555,8.48528964240323,1
274,1,2,1,0,360.0,1,2,4.499809670330265,8.268731832117737,1
275,1,1,1,0,360.0,1,2,4.74493212836325,8.432070937999402,1
276,1,0,1,0,360.0,1,2,5.332718793265369,8.891098830616636,1
277,1,0,1,0,360.0,1,0,4.382026634673881,8.390041405755754,1
278,1,0,1,0,360.0,1,2,6.077642243349034,9.587611745713565,1
279,1,0,0,0,360.0,1,1,4.820281565605037,8.318742252692399,1
280,0,1,0,1,360.0,0,0,5.062595033026967,8.776321456449958,0
281,1,0,1,0,360.0,1,2,4.718498871295094,8.461046030793236,1
282,1,2,1,0,180.0,1,0,4.356708826689592,8.097669722345216,1
283,0,0,1,0,360.0,1,0,3.9889840465642745,8.153925132007862,1
284,1,0,1,0,360.0,1,1,4.989759295531617,9.936293504261306,0
285,0,0,1,0,360.0,1,1,4.48863636973214,8.734077192559303,1
286,0,0,1,1,300.0,1,2,4.59511985013459,8.370315995555478,0
287,1,0,1,0,360.0,1,1,4.787491742782046,8.648922962094131,1
288,0,0,1,0,360.0,1,2,4.74493212836325,8.32457884513685,1
289,0,0,1,0,360.0,1,1,5.231108616854587,9.159888828480085,1
290,1,0,1,0,360.0,1,1,4.9344739331306915,8.610865667278873,1
291,1,2,1,0,360.0,0,2,4.844187086458591,8.389359819906353,0
292,1,2,1,0,360.0,1,0,4.897839799950911,8.45807992692373,1
293,0,0,1,0,480.0,0,0,4.962844630259907,8.597297435657898,0
294,1,0,1,0,360.0,1,2,5.147494476813453,8.651199471263972,1
295,1,3,1,0,360.0,1,0,4.700480365792417,8.642238680390461,1
296,1,1,1,0,360.0,1,2,5.298317366548036,8.835646922534773,1
297,1,1,1,0,360.0,1,0,4.90527477843843,8.448057452581375,1
298,0,0,1,0,480.0,1,1,5.017279836814924,8.928110078202646,0
299,1,1,1,0,360.0,1,0,4.727387818712341,8.504918160540624,0
300,1,0,0,0,360.0,0,0,4.532599493153256,8.46252579007393,0
301,1,0,0,0,360.0,1,2,4.653960350157523,8.439231649946526,1
302,0,0,1,0,360.0,1,1,4.882801922586371,8.517193191416238,1
303,1,1,1,0,360.0,1,0,4.564348191467836,8.13973227971767,1
304,0,0,1,0,360.0,1,1,4.941642422609304,8.779557455883728,1
305,0,0,0,0,360.0,1,0,4.989759295531617,7.600902459542082,0
306,0,0,1,0,360.0,1,1,4.90527477843843,8.59932602095476,1
307,0,0,1,0,360.0,0,0,4.6443908991413725,8.35772841676521,0
308,0,0,1,0,360.0,1,1,6.173786103901937,9.915070213779195,0
309,1,2,0,0,360.0,1,1,5.220355825078324,8.944680683558895,1
310,0,0,1,0,360.0,1,2,4.430816798843313,7.978310969867722,1
311,0,0,0,0,360.0,1,2,4.709530201312334,8.5814816812986,1
312,0,0,1,0,360.0,1,1,4.02535169073515,7.826842098158293,1
313,1,2,1,1,84.0,1,1,4.969813299576001,8.656259239539235,1
314,1,0,1,0,360.0,1,1,5.0689042022202315,8.370084326378025,0
315,1,1,0,0,180.0,1,0,4.709530201312334,8.524962928680598,1
316,1,2,1,0,360.0,1,2,4.787491742782046,8.220672170297252,1
317,1,0,1,0,360.0,1,0,4.477336814478207,8.340933226000878,1
318,0,1,1,0,360.0,1,2,4.718498871295094,8.172164452111904,1
319,1,1,1,1,360.0,1,1,5.043425116919247,9.210340371976184,0
320,1,0,1,0,360.0,1,2,4.74493212836325,8.426611813185,1
321,1,3,1,0,360.0,1,2,4.820281565605037,8.418697944667139,1
322,1,2,0,0,360.0,1,1,4.989759295531617,8.55468163582723,1
323,0,0,1,0,360.0,1,1,4.882801922586371,8.724369949208368,1
324,1,3,1,0,360.0,1,1,5.703782474656201,9.615805480084347,1
325,1,1,1,1,360.0,0,1,5.929589143389895,9.521421537856195,0
326,0,0,1,0,360.0,0,1,4.867534450455582,8.50045386741194,1
327,1,0,1,1,360.0,1,2,5.214935757608986,8.984443032465352,1
328,1,0,1,0,360.0,1,0,4.700480365792417,8.822322177471738,0
329,0,0,1,0,360.0,1,0,4.204692619390966,7.824046010856292,1
330,0,1,1,0,360.0,1,0,4.762173934797756,8.728587995695898,1
331,0,0,1,0,360.0,1,2,4.584967478670572,7.984462732262196,1
332,0,0,1,0,360.0,1,0,4.2626798770413155,7.949091499830517,1
333,1,0,1,0,180.0,1,0,6.194405391104672,11.05622495553552,1
334,1,1,1,1,180.0,1,0,5.204006687076795,9.364433907313582,1
335,1,0,1,1,310.52794705294696,1,2,4.248495242049359,9.209640126861789,1
336,1,1,1,0,360.0,1,1,5.075173815233827,8.689127655323706,1
337,1,2,1,1,360.0,1,1,5.170483995038151,8.867850063029406,1
338,0,3,0,0,360.0,0,0,4.989759295531617,7.512071245835466,0
339,0,0,1,0,360.0,1,2,4.2626798770413155,8.333270353255308,1
340,1,3,0,0,360.0,1,1,5.153291594497779,8.350902451694811,0
341,0,0,1,0,360.0,1,1,3.828641396489095,7.774015077250727,0
342,1,1,0,0,360.0,1,0,5.062595033026967,8.662677858158219,1
343,1,3,0,0,360.0,1,2,4.30406509320417,8.062432791583195,1
344,1,2,1,0,360.0,1,1,4.8283137373023015,8.499640032168648,1
345,1,0,1,0,360.0,1,2,5.075173815233827,8.508555998020574,1
346,1,0,0,0,360.0,0,1,5.0238805208462765,8.817742129574842,0
347,1,2,0,0,360.0,1,0,4.836281906951478,8.566173813637858,1
348,1,0,1,0,360.0,1,2,5.556828061699537,9.29798488182823,1
349,1,0,1,0,360.0,1,1,5.231108616854587,9.090993614343617,1
350,1,0,1,0,360.0,1,2,5.429345628954441,9.114159813502214,1
351,0,0,1,0,360.0,1,1,5.730099782973574,9.466299552232016,0
352,1,3,1,0,360.0,1,1,4.553876891600541,8.465689348549121,1
353,1,0,1,1,360.0,0,1,4.653960350157523,8.612503371220562,0
354,1,0,1,0,360.0,1,2,4.867534450455582,7.982074875081202,1
355,0,0,1,0,180.0,1,0,4.7535901911063645,8.246171559857563,1
356,1,2,1,0,360.0,1,1,5.10594547390058,9.350102314351341,1
357,1,1,1,0,360.0,1,0,4.204692619390966,8.262300941787448,0
358,1,0,0,0,480.0,0,0,4.605170185988092,8.448057452581375,0
359,1,3,1,0,360.0,1,2,5.298317366548036,9.0280988119824,1
360,0,1,1,0,360.0,1,2,4.394449154672439,8.460199469896118,0
361,1,2,1,0,360.0,1,2,5.4638318050256105,9.067277989134345,1
362,1,0,1,0,360.0,1,0,4.867534450455582,8.865452825753623,1
363,1,0,1,0,300.0,1,0,4.553876891600541,8.707152175339404,1
364,0,0,1,1,360.0,1,1,4.948759890378168,8.82790796297859,1
365,0,0,0,0,360.0,1,1,4.890349128221754,8.734881892047483,0
366,0,0,1,0,480.0,1,2,4.564348191467836,7.824046010856292,0
367,0,0,1,0,346.075,0,1,4.820281565605037,8.541690663016626,0
368,1,1,1,0,360.0,1,2,5.1647859739235145,8.752265313595721,1
369,1,0,1,0,360.0,1,1,6.345636360828596,10.126471091048971,0
370,0,0,1,1,360.0,1,2,4.007333185232471,9.665166909622071,1
371,1,2,1,0,360.0,1,2,5.043425116919247,8.553525120663627,1
372,1,2,1,1,300.0,1,1,5.940171252720432,9.752432077616172,1
373,0,1,1,0,180.0,0,0,4.709530201312334,8.526945482858915,0
374,0,0,1,0,360.0,1,0,4.700480365792417,8.348301054933943,1
375,1,0,1,0,180.0,1,0,4.787491742782046,8.655214489313613,1
376,1,3,1,0,360.0,1,1,4.867534450455582,9.52850315168155,1
377,1,0,1,0,360.0,1,2,4.867534450455582,8.368693183097793,1
378,0,0,1,0,480.0,1,0,4.2626798770413155,8.029107054619736,0
379,1,2,1,0,360.0,1,0,4.867534450455582,8.592486175451668,1
380,1,0,1,0,360.0,1,2,4.852030263919617,8.671286726753637,1
381,0,0,1,0,360.0,1,2,5.69035945432406,9.227492430793749,1
382,0,0,1,0,360.0,1,0,5.049856007249537,8.699514748210191,1
383,0,0,1,1,360.0,1,0,4.852030263919617,8.877242435993919,1
384,1,2,1,0,360.0,1,0,4.605170185988092,8.42639282708974,0
385,0,1,1,0,180.0,1,0,4.727387818712341,8.207129168071326,1
386,0,0,0,0,360.0,1,2,4.882801922586371,8.28045768658256,1
387,1,0,0,0,360.0,0,0,4.989759295531617,8.72355674269043,0
388,1,0,1,0,360.0,1,0,4.912654885736052,8.465899897028686,1
389,1,0,1,0,360.0,1,1,4.8283137373023015,8.610319169405722,1
390,0,3,1,0,360.0,1,1,5.220355825078324,9.123365357961776,1
391,1,3,1,0,360.0,1,1,5.616771097666572,9.159468041602427,1
392,1,0,1,0,360.0,1,0,4.787491742782046,8.454892165218858,1
393,1,2,0,0,180.0,1,2,4.727387818712341,8.193676665955241,1
394,1,2,1,0,360.0,1,0,4.727387818712341,8.411832675758411,1
395,1,2,1,0,360.0,1,2,4.90527477843843,8.23217423638394,1
396,0,0,1,0,360.0,0,0,4.2626798770413155,8.064636475774222,0
397,1,0,1,0,360.0,1,0,4.553876891600541,8.410053315858335,1
398,0,0,0,0,360.0,1,1,4.6913478822291435,8.624791202014256,1
399,0,0,1,0,360.0,0,2,4.634728988229636,8.101677747454572,0
400,1,2,0,0,180.0,0,0,3.8066624897703196,7.968665700466235,0
401,0,0,0,0,300.0,1,1,4.174387269895637,7.9211727215870145,0
402,0,0,1,0,360.0,1,2,4.634728988229636,10.021270588192511,1
403,0,0,0,0,360.0,1,2,3.970291913552122,7.5822291942764615,1
404,0,0,1,1,360.0,1,1,5.267858159063328,8.914760527397261,0
405,0,0,1,0,360.0,1,2,4.74493212836325,8.42222295382501,1
406,1,0,0,0,360.0,1,0,4.74493212836325,8.426611813185,1
407,0,0,0,0,360.0,1,1,4.189654742026425,7.70210434005105,1
408,1,1,1,0,300.0,0,2,5.0238805208462765,9.02401079378469,0
409,1,3,1,0,360.0,0,1,5.886104031450156,11.302204433654575,0
410,0,1,0,1,360.0,1,2,4.127134385045092,8.260234291607297,0
411,1,0,1,0,360.0,1,0,5.075173815233827,8.741296282225147,1
412,1,0,0,0,360.0,0,1,5.384495062789089,8.715388097366482,0
413,1,0,0,0,360.0,1,1,4.700480365792417,8.363109176033522,1
414,1,0,0,0,360.0,0,2,5.181783550292085,8.591558273371545,0
415,0,0,1,0,360.0,1,0,4.0943445622221,8.00469951054955,1
416,0,1,1,0,360.0,1,0,5.075173815233827,7.8632667240095735,0
417,1,2,1,1,360.0,1,0,5.476463551931511,9.980448593672257,0
418,1,0,1,0,360.0,1,1,4.718498871295094,8.242229891372231,1
419,1,0,1,0,360.0,1,2,4.927253685157205,8.44741429680832,1
420,1,0,1,0,360.0,1,1,4.927253685157205,8.67060073804555,1
421,0,0,0,0,306.3741428571429,0,0,4.382026634673881,7.908387159290043,0
422,1,0,1,0,360.0,1,0,4.605170185988092,8.171599480345463,1
423,1,1,1,0,360.0,0,0,4.700480365792417,9.095714846134879,0
424,1,0,1,0,360.0,1,2,4.564348191467836,9.607773308387083,1
425,1,0,1,0,360.0,1,1,4.795790545596741,8.848796450925947,1
426,0,1,0,0,360.0,1,1,4.394449154672439,8.43511508038063,0
427,1,2,1,0,360.0,1,2,4.890349128221754,8.688622307043769,1
428,1,0,1,0,360.0,1,1,4.465908118654584,7.984844261119869,1
429,0,0,0,0,180.0,1,0,4.0943445622221,7.907283609426348,1
430,0,1,1,1,360.0,1,2,5.0106352940962555,9.06230429314878,1
431,0,0,1,0,360.0,0,1,4.653960350157523,8.779557455883728,0
432,0,0,1,0,360.0,1,2,6.003887067106539,9.463120392418698,1
433,1,0,1,0,360.0,1,2,4.962844630259907,8.469052816088302,1
434,0,0,1,0,360.0,1,0,4.605170185988092,8.229511118964457,1
435,1,0,1,0,240.0,1,2,4.774517563951304,9.215029361462314,1
436,0,0,1,0,360.0,1,2,3.912023005428146,8.236685322712457,1
437,1,0,1,0,360.0,1,0,4.989759295531617,8.11312710422178,1
438,0,0,1,1,360.0,0,0,5.231108616854587,9.251098364448351,0
439,1,0,0,1,360.0,1,1,4.927253685157205,8.873748128154395,1
440,0,0,1,0,360.0,1,2,5.231108616854587,9.07383312732152,1
441,1,0,1,0,360.0,1,1,5.19295685089021,9.1833801903934,1
442,0,3,0,0,360.0,1,2,4.997212273764115,8.809862805379057,1
443,0,1,1,0,360.0,1,2,5.0238805208462765,10.537919225261291,1
444,1,0,1,0,300.0,1,1,5.1647859739235145,9.659248037927183,1
445,1,1,1,1,360.0,1,1,4.867534450455582,8.450198322591959,1
446,1,2,0,0,360.0,1,1,4.700480365792417,8.445052513638554,1
447,1,0,1,0,360.0,1,1,4.007333185232471,8.500047032581268,0
448,1,2,1,0,360.0,0,1,5.0106352940962555,8.527143522269405,0
449,0,1,0,1,360.0,1,2,5.247024072160486,8.368925174747135,0
450,1,2,0,0,360.0,0,1,4.8283137373023015,8.1786387885907,0
451,1,2,0,0,300.0,1,0,4.0943445622221,8.135639903354386,1
452,1,0,1,0,360.0,0,1,5.003946305945459,8.644882552557126,0
453,1,0,1,0,180.0,0,1,4.499809670330265,8.506940814951886,1
454,0,0,1,1,360.0,1,2,4.430816798843313,8.865735152124781,1
455,1,2,1,0,360.0,1,2,4.564348191467836,8.258163361537619,1
456,1,0,1,0,360.0,1,0,4.770684624465665,8.366602832783736,1
457,1,0,1,0,360.0,1,0,5.153291594497779,8.744647438317532,0
458,0,2,1,0,360.0,1,1,4.912654885736052,8.378850241794492,1
459,1,0,1,0,360.0,1,2,5.075173815233827,9.0280988119824,0
460,1,0,1,1,360.0,1,2,5.075173815233827,8.726805608446096,1
461,1,3,1,0,180.0,1,0,4.852030263919617,8.954156966583772,1
462,1,0,1,0,360.0,1,1,5.030437921392435,8.556990661290303,1
463,0,1,0,0,360.0,1,2,4.882801922586371,8.55468163582723,1
464,0,0,1,0,360.0,0,2,4.584967478670572,8.334711621820917,0
465,0,0,1,0,360.0,1,1,4.941642422609304,8.699514748210191,1
466,1,3,0,0,180.0,0,0,4.248495242049359,8.436200032206706,0
467,1,0,1,0,360.0,1,2,4.700480365792417,9.722684841711443,1
468,1,2,0,0,360.0,1,2,4.584967478670572,8.047829357457841,1
469,1,0,1,0,360.0,1,0,4.700480365792417,8.822322177471738,0
470,1,1,1,1,360.0,1,2,5.087596335232384,8.617762246337932,1
471,1,1,0,0,180.0,0,1,4.727387818712341,8.331586243630754,0
472,1,3,1,0,360.0,1,2,4.605170185988092,8.453401058328458,1
473,0,0,1,1,360.0,1,0,4.532599493153256,7.824046010856292,1
474,0,2,1,0,360.0,1,1,5.087596335232384,9.228180290104513,1
475,1,2,1,1,360.0,1,1,5.0106352940962555,9.772182251758139,1
476,1,2,1,0,300.0,1,2,5.438079308923196,9.041921720351219,1
477,1,2,1,0,360.0,0,2,4.882801922586371,8.464846711044029,0
478,1,1,1,1,360.0,1,2,4.454347296253507,9.847816267665664,1
479,1,2,1,0,360.0,1,0,4.989759295531617,8.422882511944996,0
480,0,0,0,0,360.0,1,1,5.0369526024136295,8.37793112408273,1
481,1,3,0,0,360.0,1,1,4.727387818712341,8.037543185118697,1
482,1,0,1,0,360.0,1,2,4.852030263919617,8.562740006372207,1
483,1,0,1,0,360.0,1,2,5.455321115357702,9.290352309945568,1
484,1,2,1,0,360.0,1,2,5.5053315359323625,9.027978814382207,1
485,1,1,0,0,360.0,1,1,4.875197323201151,8.387995252944556,1
486,0,2,1,0,360.0,0,1,4.382026634673881,8.173857454773621,0
487,1,1,1,0,360.0,1,0,6.214608098422191,9.816457993563025,0
488,1,2,1,1,360.0,1,2,5.075173815233827,8.804775258867686,1
489,0,0,1,0,360.0,1,0,4.31748811353631,7.79770203551669,0
490,0,0,0,0,360.0,1,2,4.564348191467836,8.609590040682205,1
491,1,1,0,0,360.0,1,0,5.225746673713202,8.774003600200931,1
492,0,0,0,0,360.0,1,1,4.700480365792417,8.213652703029998,1
493,0,0,0,1,360.0,1,2,5.41610040220442,9.756320761816548,1
494,1,0,1,0,360.0,0,1,4.77912349311153,8.657650544111494,0
495,1,1,1,0,84.0,1,2,4.653960350157523,8.352082671352637,1
496,1,0,0,0,360.0,1,1,4.672828834461906,8.366370301681654,1
497,1,0,1,0,12.0,1,0,4.709530201312334,8.920255414908091,1
498,1,1,1,1,360.0,1,2,4.553876891600541,7.970740390007095,1
499,0,0,1,0,360.0,0,1,5.342334251964811,9.277905558138606,0
500,0,0,1,0,480.0,1,1,4.727387818712341,8.372860820526318,1
501,0,0,1,0,360.0,1,2,4.605170185988092,8.058010800802085,1
502,1,2,1,0,360.0,1,2,5.337538079701318,9.258082367961604,1
503,1,1,0,0,360.0,1,1,4.927253685157205,9.143345503151904,0
504,1,0,0,0,300.0,1,2,4.820281565605037,8.574895901544526,1
505,1,2,1,0,360.0,1,1,5.493061443340548,8.97790377375038,1
506,1,0,1,0,360.0,1,0,6.173786103901937,10.221941283654663,1
507,0,0,1,0,360.0,1,0,4.564348191467836,8.183955717304954,0
508,1,0,1,1,360.0,1,0,5.236441962829949,8.61104776688786,1
509,0,1,1,0,360.0,1,0,3.6888794541139363,9.492658081928813,1
510,0,0,0,0,360.0,1,1,4.605170185988092,8.493924564476883,0
511,1,1,1,0,360.0,1,2,5.521460917862246,8.995784837848506,1
512,1,2,1,0,360.0,1,0,4.997212273764115,8.578852571802965,1
513,1,0,1,0,180.0,1,2,4.248495242049359,9.082052351674651,0
514,0,0,1,0,360.0,1,1,5.739792912179234,9.15704507491796,0
515,1,3,1,0,360.0,1,1,5.0106352940962555,8.83840674707681,1
516,1,2,1,0,480.0,1,2,4.727387818712341,8.206037762778815,1
517,1,0,0,0,360.0,0,2,4.812184355372417,8.491670234185152,0
518,0,0,1,0,360.0,1,2,5.220355825078324,8.794521851788527,0
519,0,0,0,0,360.0,1,1,4.553876891600541,8.131530710604252,0
520,1,2,0,0,360.0,1,2,3.8066624897703196,8.277411998949004,1
521,0,0,1,0,360.0,1,2,4.007333185232471,7.824046010856292,1
522,1,3,1,1,360.0,1,1,4.605170185988092,8.867990898182093,1
523,1,2,1,1,360.0,1,1,6.173786103901937,9.623376745580666,1
524,0,0,1,0,360.0,1,2,4.989759295531617,8.819813136232225,0
525,1,2,1,1,360.0,1,1,5.991464547107982,9.769956159911606,1
526,1,0,1,0,360.0,1,2,4.700480365792417,8.236155661683124,1
527,1,1,0,0,360.0,0,2,5.081404364984463,8.812099108957337,1
528,0,1,0,0,360.0,1,2,4.543294782270004,8.289288323000317,1
529,0,0,0,0,360.0,1,2,4.867534450455582,8.82217476094608,1
530,1,0,1,0,360.0,1,1,5.375278407684165,8.783396232190894,1
531,1,3,1,0,360.0,1,0,4.605170185988092,8.361941906144946,1
532,0,2,1,0,360.0,0,1,4.700480365792417,8.185350223178686,0
533,0,1,1,0,360.0,1,2,5.278114659230517,9.328123407632566,0
534,0,0,0,1,360.0,1,0,4.8283137373023015,9.807251944655302,1
535,0,0,0,0,360.0,1,1,4.836281906951478,8.432070937999402,1
536,1,0,1,0,360.0,1,0,5.780743515792329,9.214232786691527,1
537,0,2,1,0,360.0,1,2,4.672828834461906,8.193400231952097,1
538,1,0,0,0,360.0,1,1,4.189654742026425,8.146998697389993,0
539,1,3,1,0,180.0,1,1,5.056245805348308,8.766705997750515,1
540,1,1,1,0,180.0,1,2,4.941642422609304,8.916371914881694,1
541,0,0,1,0,360.0,0,2,4.59511985013459,7.6676260915849905,0
542,0,1,1,0,360.0,1,2,4.553876891600541,8.20303024171486,1
543,1,1,0,0,360.0,1,0,4.852030263919617,8.46863300080086,1
544,1,0,0,0,360.0,1,2,4.624972813284271,8.210668031162976,1
545,1,0,1,0,360.0,1,1,5.043425116919247,8.45914025996762,1
546,0,0,0,0,36.0,1,2,4.382026634673881,8.119100837637486,0
547,0,0,1,0,360.0,1,1,4.976733742420574,8.368461137615839,1
548,0,0,1,0,360.0,0,2,4.634728988229636,8.517193191416238,0
549,1,0,1,0,360.0,1,1,4.700480365792417,8.476579508530941,1
550,1,2,1,1,360.0,0,1,4.989759295531617,8.799812469525556,0
551,1,1,0,0,360.0,1,1,4.989759295531617,8.490233009833455,1
552,1,1,1,0,360.0,1,0,5.062595033026967,8.792245847467877,1
553,1,0,0,0,360.0,0,0,5.198497031265826,8.473659189392508,0
554,1,0,1,0,180.0,0,1,4.882801922586371,8.969414650866176,0
555,1,1,1,0,360.0,1,2,3.258096538021482,8.779557455883728,1
556,0,0,1,0,360.0,1,0,4.430816798843313,8.36450810375059,1
557,1,3,1,1,360.0,1,2,5.560681631015528,9.22414465295258,1
558,1,0,1,0,360.0,1,2,5.087596335232384,8.78813593986372,1
559,1,0,1,0,360.0,1,2,5.204006687076795,8.777401286867264,1
560,1,2,0,0,360.0,1,2,4.68213122712422,8.27308133366583,1
561,1,1,1,1,360.0,1,2,6.396929655216146,9.877348894926433,1
562,1,0,1,0,360.0,1,1,5.351858133476067,8.984317679911129,1
563,0,0,0,1,360.0,1,2,4.882801922586371,8.66561319653451,1
564,1,2,1,0,360.0,0,0,5.552959584921617,9.08239335764556,0
565,1,0,0,0,360.0,1,1,4.787491742782046,8.404472321352118,1
566,0,0,1,0,360.0,1,0,4.248495242049359,8.11162807830774,1
567,1,3,1,0,360.0,0,1,4.812184355372417,8.68270762989381,0
568,0,0,1,0,360.0,1,0,2.1972245773362196,7.774015077250727,0
569,1,0,1,0,360.0,0,0,4.6443908991413725,8.56216655705897,0
570,1,1,1,0,360.0,1,0,5.225746673713202,8.550047528287184,1
571,1,0,1,0,360.0,0,0,5.10594547390058,8.789812386190972,0
572,1,2,1,0,360.0,1,0,5.616771097666572,9.721125994942152,1
573,1,2,0,0,480.0,1,2,5.231108616854587,8.955448122347393,0
574,1,3,1,0,360.0,1,2,5.0106352940962555,8.764990330169104,0
575,1,2,1,0,84.0,1,0,4.68213122712422,8.194229304819817,1
576,1,0,1,0,360.0,0,2,4.912654885736052,8.574895901544526,0
577,0,0,1,0,360.0,1,0,4.700480365792417,8.694167141883597,1
578,1,1,1,0,360.0,1,1,4.672828834461906,8.297543529356284,1
579,0,0,1,0,360.0,1,0,5.081404364984463,8.715880102296456,1
580,1,2,1,0,360.0,1,2,5.3230099791384085,8.785692444451245,1
581,0,0,1,0,360.0,1,0,4.499809670330265,10.482149379105689,0
582,1,0,1,0,360.0,1,2,3.58351893845611,8.060224240440958,1
583,1,1,1,0,360.0,1,1,4.110873864173311,7.539027055823995,0
584,1,1,1,0,360.0,0,1,4.983606621708336,8.456168489578463,0
585,1,1,1,0,84.0,1,1,5.147494476813453,8.893298144217916,0
586,1,0,1,0,360.0,1,0,4.6443908991413725,8.247743887225516,1
587,0,0,0,0,360.0,1,2,4.248495242049359,7.68017564043659,1
588,0,0,1,0,360.0,1,2,4.543294782270004,8.465899897028686,1
589,1,2,1,1,360.0,0,2,4.663439094112067,7.9105906122564775,0
590,1,0,1,0,180.0,1,2,4.02535169073515,8.766550149546351,1
591,1,2,1,1,240.0,1,2,5.3230099791384085,8.699514748210191,0
592,0,3,1,1,360.0,1,2,5.676753802268282,9.143880005275912,1
593,1,0,1,0,180.0,1,1,4.955827057601261,8.876125585396185,1
594,1,0,1,1,360.0,1,0,5.560681631015528,9.68781601606062,1
595,0,0,0,0,360.0,1,1,4.700480365792417,8.251403065380556,1
596,1,2,0,1,360.0,1,1,5.231108616854587,8.906935339059165,0
597,0,0,1,0,360.0,0,2,4.477336814478207,8.00202481821611,0
598,1,0,1,1,360.0,1,1,5.19295685089021,9.206633510044856,1
599,1,2,1,0,360.0,1,0,5.2574953720277815,8.662158961666423,1
600,0,3,1,0,180.0,1,0,5.857933154483459,10.647399137646048,0
601,1,0,0,0,360.0,1,1,5.043425116919247,8.645762292210945,1
602,1,3,1,0,360.0,1,0,4.852030263919617,8.648747631156539,1
603,0,0,1,0,360.0,1,1,5.147494476813453,8.984317679911129,1
604,1,1,1,0,360.0,1,2,6.206575926724928,9.392661928770137,1
605,1,0,0,0,180.0,1,0,4.978130760207227,8.732304571033183,0
606,1,1,1,0,360.0,1,2,5.153291594497779,8.68270762989381,1
607,1,2,0,0,360.0,1,1,5.056245805348308,8.59378379357795,1
608,1,0,1,0,360.0,1,1,4.68213122712422,8.552946361122055,1
609,0,0,1,0,360.0,1,1,4.2626798770413155,7.9724660159745655,1
610,1,3,1,0,180.0,1,1,3.6888794541139363,8.32020459757888,1
611,1,1,1,0,360.0,1,0,5.53338948872752,9.025455532779063,1
612,1,2,1,0,360.0,1,0,5.231108616854587,8.933664178700935,1
613,0,0,1,1,360.0,0,2,4.890349128221754,8.430109084509125,0
